Xi,Yi
60,3965.392096588018
63,3760.409962022598
66,3944.3412619084697
69,4051.7093992936448
72,4504.8672618469545
75,4440.549226455216
78,5039.77202998836
81,4164.533820685399
84,5189.711920102272
87,5100.660156878048
90,5926.681085186704
93,5746.089886137439
96,5651.014483742817
99,5149.614794888876
102,5846.8145390674745
