Xi,Yi
60,4880.534380659156
63,2646.976616012687
66,4580.018643271657
69,6035.468857560943
72,3669.67570015163
75,4507.79561008318
78,4537.846305041745
81,4981.834178041242
84,2948.745155292602
87,5014.277844805798
90,4268.480693449754
93,6411.074066738254
96,4938.218202189276
99,5913.118432623512
102,6438.38124241215
