Xi,Yi
60,3654.960070950777
63,3344.5590478263753
66,4507.198287783053
69,3772.2102013269737
72,3581.3804681428874
75,1722.8079463009967
78,4482.905704158496
81,3996.8239986757135
84,6921.449347745191
87,5006.279096968501
90,6281.119847466534
93,5747.362814904121
96,4909.95751137019
99,6120.716480660692
102,5439.3502739980895
